{"_wandb":{"runtime":19},"epoch_loss":0.4776617407798767,"_timestamp":1.7301807684139335e+09,"_runtime":19.032750572,"_step":0}