{"epoch_loss":0.525325334072113,"_wandb":{"runtime":6183},"_runtime":6183.241246671,"_step":2999,"batch_loss":0.546728789806366,"_timestamp":1.7301486277827182e+09}