{"epoch":47,"train_loss":1.5833471255997817,"val_loss":1.5848294347524643,"_timestamp":1.7303420212663107e+09,"_runtime":425.987627634,"_wandb":{"runtime":426},"_step":46}