{"batch_loss":0.5050905346870422,"_timestamp":1.7301607655548344e+09,"_runtime":5986.064537642,"_step":2999,"epoch_loss":0.5136968970298768,"_wandb":{"runtime":5986}}