{"_runtime":687.037904965,"_step":77,"_wandb":{"runtime":687},"epoch":78,"train_loss":0.3936426303504656,"val_loss":0.3782742479816079,"_timestamp":1.7302689423380919e+09}