{"_step":0,"_wandb":{"runtime":35},"epoch_loss":0.6931471824645996,"_timestamp":1.7301811924372654e+09,"_runtime":35.626838188}