{"epoch_loss":0.6931471812228361,"_timestamp":1.730176510246188e+09,"_wandb":{"runtime":66},"_runtime":66.028455508,"_step":0}