{"_timestamp":1.7301424370831606e+09,"_runtime":6125.728854621,"_step":1999,"epoch_loss":0.07047371442119281,"_wandb":{"runtime":6125},"batch_loss":0.05369732156395912}