{"_runtime":17.689722106,"_step":4,"epoch":5,"train_loss":1.1700751426514615,"val_loss":2.6454179546107417,"_wandb":{"runtime":17},"_timestamp":1.7303516873679218e+09}