{"_runtime":474.202294641,"_step":52,"epoch":53,"train_loss":1.6939939313257735,"val_loss":1.6448920493324597,"_timestamp":1.7303480292413735e+09,"_wandb":{"runtime":474}}