{"_runtime":6049.622884671,"epoch_loss":0.5089591205120086,"_wandb":{"runtime":6049},"_step":2999,"batch_loss":0.5032655000686646,"_timestamp":1.7301109243896928e+09}