{"train_loss":1.9429444958654682,"val_loss":2.2125799033952798,"_wandb":{"runtime":45},"_timestamp":1.7303521059023745e+09,"_runtime":45.894089712,"_step":9,"epoch":10}