{"_wandb":{"runtime":6140},"_step":1999,"batch_loss":0.5317599773406982,"_timestamp":1.7301547738068645e+09,"_runtime":6140.454788072,"epoch_loss":0.5219918886820475}