{"epoch":69,"train_loss":1.5798652209341526,"val_loss":1.569634276131789,"_timestamp":1.730340764073213e+09,"_runtime":610.737820884,"_step":68,"_wandb":{"runtime":610}}