{"epoch_loss":0.516718965768814,"_wandb":{"runtime":471},"_step":329,"batch_loss":0.4901462197303772,"_timestamp":1.7300997389477763e+09,"_runtime":471.2584857}