{"_timestamp":1.7302677628840811e+09,"_runtime":442.655677469,"_step":50,"_wandb":{"runtime":442},"epoch":51,"train_loss":0.4081368866221358,"val_loss":0.39878648861000937}