{"batch_loss":4.5555739402771,"_timestamp":1.730128966108764e+09,"_runtime":12441.332473562,"_step":10999,"epoch_loss":4.5496296882629395,"_wandb":{"runtime":12441}}