{"_step":39,"batch_loss":NaN,"_timestamp":1.7300803911326144e+09,"_runtime":260.576402437,"epoch_loss":NaN,"_wandb":{"runtime":260}}