{"batch_loss":14.321014404296875,"_timestamp":1.7301170944633563e+09,"_runtime":6164.261817556,"_step":5499,"epoch_loss":15.823045539855958,"_wandb":{"runtime":6164}}