{"epoch":49,"train_loss":1.8022805030147235,"val_loss":1.789393889407317,"_timestamp":1.7303465461920197e+09,"_wandb":{"runtime":450},"_runtime":450.003787464,"_step":48}