{"_wandb":{"runtime":208},"_runtime":208.745840181,"_step":23,"epoch":24,"train_loss":0.40530725933300954,"val_loss":0.37624281241248053,"_timestamp":1.7302669328571758e+09}