{"epoch":2,"train_loss":1.5389795129218797,"val_loss":2.5959075430165166,"_timestamp":1.73035179933165e+09,"_runtime":12.189888678,"_step":1,"_wandb":{"runtime":12}}