{"_runtime":539.744561103,"_wandb":{"runtime":539},"_step":65,"epoch":66,"train_loss":0.2940669112140313,"val_loss":0.24204498250037432,"_timestamp":1.7302759366684096e+09}