{"epoch_loss":0.4683526769280434,"_timestamp":1.7301809756877844e+09,"_runtime":52.031010748,"_step":0,"_wandb":{"runtime":52}}