{"_runtime":25012.973355416,"_step":21999,"batch_loss":4.445845603942871,"epoch_loss":4.545311355590821,"_wandb":{"runtime":25013},"_timestamp":1.7301552987925007e+09}