{"epoch_loss":0.5175018467401203,"_wandb":{"runtime":171},"batch_loss":0.5611366033554077,"_timestamp":1.730097156726342e+09,"_runtime":171.132191635,"_step":199}