{"epoch_loss":0.6931471735239029,"_timestamp":1.7301801542955947e+09,"_runtime":9.792431057,"_step":0,"_wandb":{"runtime":9}}