{"_runtime":7.355585151,"_wandb":{"runtime":7},"_step":0,"epoch":1,"train_loss":2.35259259818645,"val_loss":2.753086831258691,"_timestamp":1.7303517590555866e+09}