{"_wandb":{"runtime":9},"epoch_loss":0.6931471854448319,"_timestamp":1.7301796516232138e+09,"_runtime":9.873778988,"_step":0}