{"train_loss":2.299535338798266,"val_loss":2.316067612689474,"_timestamp":1.730351880409752e+09,"_runtime":11.781529337,"_wandb":{"runtime":11},"_step":1,"epoch":2}