{"_step":9999,"epoch_loss":76.0867586637798,"_wandb":{"runtime":6510},"batch_loss":75.89378356933594,"_timestamp":1.7301301580033e+09,"_runtime":6510.765775257}