{"_step":5499,"epoch_loss":0.5064339756965637,"_wandb":{"runtime":6413},"batch_loss":0.5042438507080078,"_timestamp":1.7301671834052474e+09,"_runtime":6413.896343321}