{"_runtime":6543.253947603,"_step":9999,"epoch_loss":14.924785413240132,"_wandb":{"runtime":6543},"batch_loss":14.501843452453613,"_timestamp":1.7301236430331678e+09}