{"val_loss":1.9368117327491443,"_wandb":{"runtime":502},"_timestamp":1.730345923451058e+09,"_runtime":502.827142074,"_step":54,"epoch":55,"train_loss":2.02669799203674}