{"train_loss":0.3112990454925845,"val_loss":0.2704350634788473,"_timestamp":1.7302838473731077e+09,"_runtime":451.870242424,"_step":54,"_wandb":{"runtime":451},"epoch":55}