{"_step":0,"_wandb":{"runtime":74},"epoch_loss":0.693147157629331,"_timestamp":1.7301771883890991e+09,"_runtime":74.095853006}