{"_timestamp":1.7300979992387028e+09,"_runtime":480.029565151,"_step":329,"epoch_loss":0.312524151802063,"_wandb":{"runtime":480},"batch_loss":0.2839774489402771}