{"_timestamp":1.730103016878495e+09,"_runtime":775.72220086,"_step":549,"epoch_loss":14.989192581176757,"_wandb":{"runtime":775},"batch_loss":14.461381912231445}