{"epoch_loss":0.5145009517669678,"_wandb":{"runtime":493},"batch_loss":0.4922075867652893,"_timestamp":1.7300990068120842e+09,"_runtime":493.90949583,"_step":329}