{"epoch_loss":NaN,"_wandb":{"runtime":151},"_runtime":151.614451134,"_step":199,"batch_loss":NaN,"_timestamp":1.7300954859066412e+09}