{"epoch_loss":4.542539930343628,"_wandb":{"runtime":3841},"batch_loss":4.378115653991699,"_timestamp":1.7301667290276437e+09,"_runtime":3841.270059785,"_step":3299}