{"_timestamp":1.7301789713352644e+09,"_runtime":77.267639863,"_step":0,"_wandb":{"runtime":77},"epoch_loss":0.6931471650799116}