{"_step":42,"epoch":43,"train_loss":1.6813711722691853,"_wandb":{"runtime":379},"val_loss":1.613379220167796,"_timestamp":1.7303394584468315e+09,"_runtime":379.480443549}