{"_runtime":6132.439673276,"epoch_loss":0.0517263300716877,"_wandb":{"runtime":6132},"_step":1999,"batch_loss":0.04926218464970589,"_timestamp":1.7301362983352015e+09}