{"epoch_loss":0.4625698924064636,"_timestamp":1.7301808732901282e+09,"_runtime":32.415376326,"_step":0,"_wandb":{"runtime":32}}