{"_runtime":3765.350510259,"_step":3299,"epoch_loss":4.605017137527466,"_wandb":{"runtime":3765},"batch_loss":4.504706382751465,"_timestamp":1.730108091259431e+09}