{"_step":0,"_wandb":{"runtime":73},"epoch_loss":0.6931463908404112,"_timestamp":1.7301740291012542e+09,"_runtime":73.70808567}