{"epoch_loss":0.5146241188049316,"_wandb":{"runtime":6043},"batch_loss":0.5167533159255981,"_timestamp":1.730173239302607e+09,"_runtime":6043.040172956,"_step":1999}