{"epoch_loss":0.5168563306331635,"_wandb":{"runtime":676},"_step":549,"batch_loss":0.5235005021095276,"_timestamp":1.7301047201938272e+09,"_runtime":676.790335862}