{"_wandb":{"runtime":223},"_step":50,"epoch":51,"train_loss":0.8569739681951115,"val_loss":1.9868092433266018,"_timestamp":1.7303509538273096e+09,"_runtime":223.597015481}