{"batch_loss":0.5581122636795044,"_timestamp":1.730096890029311e+09,"_runtime":167.094022575,"_step":199,"epoch_loss":0.5215324932023099,"_wandb":{"runtime":167}}